<?xml version="1.0" encoding="UTF-8" standalone="yes"?>
<addon id="plugin.video.serije"
	name="Serije"
	version="0.9.2"corpusculus">
  <requires>
    <import addon="xbmc.python" version="2.1.0"/>
    <import addon="script.module.beautifulsoup" version="3.2.1"/>
    <import addon="script.module.urlresolver" version="2.5.0" />
    
    
  </requires>
  <extension point="xbmc.python.pluginsource" library="default.py">
    <provides>video</provides>
  </extension>
  <extension point="xbmc.addon.metadata">
    <summary>Gledajte serije sa prevodom</summary>
        <description>

        </description>
    
    <platform>all</platform>
    <forum></forum>
    
  </extension>
</addon>
